{
    "title": "Topological Anyonic Braiding on Volcanic Manifolds: Structurally Securing Transfinite Complexity Codes against Non-Markovian Decoherence",
    "authors": [
        "Imhotep",
        "Dizzy",
        "Trent",
        "Aphex"
    ],
    "parameters": {
        "num_braid_steps": 10,
        "braid_sequence": [
            "s_1",
            "s_2",
            "s_1",
            "s_1",
            "s_2",
            "s_1",
            "s_2",
            "s_2",
            "s_1",
            "s_2"
        ],
        "final_unprotected_fidelity": 1.0,
        "final_topological_fidelity": 1.0,
        "anyonic_type": "Non-Abelian Fibonacci Anyons",
        "golden_ratio_tau": 1.618033988749895
    },
    "trajectories": {
        "unprotected_fidelity": [
            1.0,
            1.0,
            1.0,
            1.0,
            1.0000000000000004,
            1.0,
            1.0000000000000004,
            1.0000000000000004,
            1.0000000000000004,
            1.0
        ],
        "topological_fidelity": [
            1.0,
            1.0,
            1.0,
            1.0,
            1.0,
            1.0,
            1.0,
            1.0,
            1.0000000000000002,
            1.0000000000000002
        ],
        "noise_amplitudes": [
            0.0,
            1.0968030226677812,
            0.15516955320839393,
            -1.0748505027118023,
            -0.30723338675430717,
            1.0313848426360206,
            0.45314794197541963,
            -0.967276007922381,
            -0.5899927380568917,
            0.88380713733356
        ]
    }
}