{
    "metadata": {
        "title": "Banach-Tarski Quantum-Inspired Wave-Packet Multiplexer",
        "dimensions": 4096,
        "original_center": 2048,
        "copies": [
            {
                "center": 1024,
                "fidelity": 0.980392
            },
            {
                "center": 3072,
                "fidelity": 0.925925
            }
        ]
    },
    "probabilities": [
        0.0,
        0.0,
        0.0,
        0.0,
        0.0,
        0.0,
        0.0,
        0.0,
        0.0,
        0.0,
        0.0,
        0.0,
        0.0,
        3.5e-323,
        1.585997263258e-311,
        1.0517732082972223e-298,
        1.4256553221727763e-286,
        1.3244185863747412e-275,
        1.4400870041470734e-263,
        3.563219752116535e-252,
        6.630837319124183e-242,
        1.1847730541081422e-230,
        5.349452198330212e-220,
        1.990915770052329e-210,
        5.859411072068037e-200,
        4.826841310172235e-190,
        3.5859950577371917e-181,
        1.742768027759012e-171,
        2.6192389913982565e-162,
        3.8759610906852805e-154,
        3.118783806525055e-145,
        8.553407964300566e-137,
        2.514850682251457e-129,
        3.359537776696962e-121,
        1.6821663096376538e-113,
        9.798671297201466e-107,
        2.1792256809500575e-99,
        1.9938610992307797e-92,
        2.293567486449737e-86,
        8.51570062482043e-80,
        1.4254746800364446e-73,
        3.226406361036326e-68,
        2.0053223624086355e-62,
        6.151916134491385e-57,
        2.7287802230422393e-52,
        2.846576305663089e-47,
        1.603954996457114e-42,
        1.3881657536775957e-38,
        2.4363567733125065e-34,
        2.528346081216595e-30,
        4.249310441915477e-27,
        1.257521261370818e-23,
        2.4113003406676463e-20,
        7.83028472157825e-18,
        3.9146530284317746e-15,
        1.3922241106898457e-12,
        8.68938467434809e-11,
        7.350055079101803e-09,
        4.868960013572143e-07,
        5.809144103239831e-06,
        8.323226219345452e-05,
        0.001031815772337763,
        0.002340404782481505,
        0.00568395019678271,
        0.013252940751150919,
        0.00568395019678271,
        0.002340404782481505,
        0.001031815772337763,
        8.323226219345452e-05,
        5.809144103239833e-06,
        4.868960013572143e-07,
        7.3500550791018044e-09,
        8.68938467434809e-11,
        1.3922241106898457e-12,
        3.9146530284317746e-15,
        7.83028472157825e-18,
        2.4113003406676463e-20,
        1.257521261370818e-23,
        4.249310441915478e-27,
        2.528346081216595e-30,
        2.4363567733125065e-34,
        1.3881657536775957e-38,
        1.603954996457114e-42,
        2.846576305663089e-47,
        2.7287802230422393e-52,
        6.151916134491385e-57,
        2.0053223624086355e-62,
        3.2264063610363267e-68,
        1.4254746800364446e-73,
        8.51570062482043e-80,
        2.293567486449737e-86,
        1.99386109923078e-92,
        2.1792256809500575e-99,
        0.0,
        0.0,
        0.0,
        0.0,
        0.0,
        0.0,
        0.0,
        0.0,
        0.0,
        0.0,
        0.0,
        0.0,
        0.0,
        0.0,
        0.0,
        0.0,
        0.0,
        0.0,
        0.0,
        0.0,
        0.0,
        0.0,
        0.0,
        0.0,
        0.0,
        0.0,
        0.0,
        0.0,
        0.0,
        0.0,
        0.0,
        0.0,
        0.0,
        0.0,
        0.0,
        0.0,
        0.0,
        0.0,
        0.0,
        0.0,
        0.0,
        0.0,
        0.0,
        0.0,
        0.0,
        0.0,
        0.0,
        0.0,
        0.0,
        1.84362853336506e-310,
        5.154968468152464e-299,
        7.540551541223752e-288,
        1.351380500651656e-274,
        7.636990265434409e-264,
        2.2029934029859415e-253,
        5.9408456390156746e-241,
        6.786594433114239e-231,
        3.846232498805723e-221,
        1.5671401877006134e-209,
        3.6194692390862917e-200,
        4.0130088941857276e-191,
        2.4820041689719344e-180,
        1.159190196259248e-171,
        2.5021708717870994e-163,
        2.3615749085036003e-153,
        2.2307860455377974e-145,
        9.323437386000929e-138,
        1.3508190558397233e-128,
        2.5813846948304685e-121,
        2.0760958755900835e-114,
        4.648366240226355e-106,
        1.7974469482411264e-99,
        2.7626826828866454e-93,
        9.630273810272373e-86,
        7.537014375034128e-80,
        2.1969838167814145e-74,
        1.2021259763938508e-67,
        1.9046812811660826e-62,
        1.0440828519568307e-57,
        9.04847911219815e-52,
        2.903123377678657e-47,
        2.9652090756206273e-43,
        4.110088075825375e-38,
        2.670919397256197e-34,
        5.03254806083854e-31,
        1.1274479637793496e-26,
        1.4842972836623348e-23,
        5.104260068672303e-21,
        1.8689801158986045e-17,
        4.985721400695366e-15,
        3.093783435421692e-13,
        1.8733987153277533e-10,
        1.012797007775108e-08,
        1.120622345627969e-07,
        1.1360001936417314e-05,
        0.0001244778172560414,
        0.00024257212861204008,
        0.004168653869569274,
        0.009258984158783286,
        0.0031378687415677714,
        0.009258984158783286,
        0.004168653869569274,
        0.00024257212861204008,
        0.0001244778172560414,
        1.1360001936417314e-05,
        1.120622345627969e-07,
        1.012797007775108e-08,
        1.8733987153277538e-10,
        3.093783435421692e-13,
        4.985721400695366e-15,
        1.8689801158986045e-17,
        5.104260068672303e-21,
        1.4842972836623357e-23,
        1.1274479637793496e-26,
        5.03254806083854e-31,
        2.670919397256197e-34,
        4.110088075825375e-38,
        2.9652090756206273e-43,
        2.903123377678657e-47,
        9.04847911219815e-52,
        1.0440828519568307e-57,
        1.9046812811660826e-62,
        1.2021259763938508e-67,
        2.1969838167814145e-74,
        7.537014375034136e-80,
        9.63027381027237e-86,
        2.7626826828866454e-93,
        1.7974469482411264e-99,
        1.6646339395166998e-105,
        8.859700418060249e-113,
        2.672056960632896e-120,
        4.5665763882701537e-128,
        4.4222780039706934e-136,
        2.4266303686002824e-144,
        7.544934825610159e-153,
        1.329210236116881e-161,
        1.326814707845318e-170,
        7.504079909558552e-180,
        2.4046253747931135e-189,
        4.3656861803787855e-199,
        4.490607674507915e-209,
        2.6169638403836236e-219,
        8.640182887699347e-230,
        1.6161194686773207e-240,
        1.7125455185963685e-251,
        1.0280680456414174e-262,
        3.496276221016138e-274,
        6.735765217338576e-286,
        7.351209387134907e-298,
        4.54479965844034e-310,
        1.6e-322,
        0.0,
        0.0,
        0.0,
        0.0,
        0.0,
        0.0,
        0.0,
        0.0,
        0.0,
        0.0,
        0.0,
        0.0
    ]
}