{
    "parameters": {
        "path_length_T": 2.0,
        "integration_steps": 100,
        "continuum_cardinality": "c (Continuum limit)"
    },
    "path_integration": {
        "time": [
            0.0,
            0.02,
            0.04,
            0.06,
            0.08,
            0.1,
            0.12,
            0.14,
            0.16,
            0.18,
            0.2,
            0.22,
            0.24,
            0.26,
            0.28,
            0.3,
            0.32,
            0.34,
            0.36,
            0.38,
            0.4,
            0.42,
            0.44,
            0.46,
            0.48,
            0.5,
            0.52,
            0.54,
            0.56,
            0.58,
            0.6,
            0.62,
            0.64,
            0.66,
            0.68,
            0.7000000000000001,
            0.72,
            0.74,
            0.76,
            0.78,
            0.8,
            0.8200000000000001,
            0.84,
            0.86,
            0.88,
            0.9,
            0.92,
            0.9400000000000001,
            0.96,
            0.98,
            1.0,
            1.02,
            1.04,
            1.06,
            1.08,
            1.1,
            1.12,
            1.1400000000000001,
            1.16,
            1.18,
            1.2,
            1.22,
            1.24,
            1.26,
            1.28,
            1.3,
            1.32,
            1.34,
            1.36,
            1.3800000000000001,
            1.4000000000000001,
            1.42,
            1.44,
            1.46,
            1.48,
            1.5,
            1.52,
            1.54,
            1.56,
            1.58,
            1.6,
            1.62,
            1.6400000000000001,
            1.6600000000000001,
            1.68,
            1.7,
            1.72,
            1.74,
            1.76,
            1.78,
            1.8,
            1.82,
            1.84,
            1.86,
            1.8800000000000001,
            1.9000000000000001,
            1.92,
            1.94,
            1.96,
            1.98,
            2.0
        ],
        "instantaneous_derivative": [
            -0.735703,
            -0.72865694,
            -0.72166088,
            -0.7147148200000001,
            -0.70781876,
            -0.7009727,
            -0.69417664,
            -0.68743058,
            -0.68073452,
            -0.67408846,
            -0.6674924,
            -0.66094634,
            -0.65445028,
            -0.64800422,
            -0.64160816,
            -0.6352620999999999,
            -0.6289660399999999,
            -0.6227199800000001,
            -0.61652392,
            -0.6103778599999999,
            -0.6042818,
            -0.5982357399999999,
            -0.59223968,
            -0.58629362,
            -0.58039756,
            -0.5745515,
            -0.56875544,
            -0.56300938,
            -0.5573133199999999,
            -0.55166726,
            -0.5460712,
            -0.54052514,
            -0.5350290799999999,
            -0.52958302,
            -0.52418696,
            -0.5188408999999999,
            -0.51354484,
            -0.50829878,
            -0.50310272,
            -0.49795665999999994,
            -0.4928606,
            -0.48781454,
            -0.48281848,
            -0.47787242,
            -0.47297636,
            -0.4681303,
            -0.46333423999999995,
            -0.45858818,
            -0.45389212,
            -0.44924606,
            -0.44465,
            -0.44010393999999997,
            -0.43560787999999995,
            -0.43116182000000003,
            -0.42676576,
            -0.42241969999999995,
            -0.41812363999999996,
            -0.41387757999999997,
            -0.40968152,
            -0.40553545999999996,
            -0.4014394,
            -0.39739334000000004,
            -0.39339728,
            -0.38945122,
            -0.38555515999999995,
            -0.3817091,
            -0.37791304,
            -0.37416698,
            -0.37047092,
            -0.3668248599999999,
            -0.3632288,
            -0.35968274000000006,
            -0.35618668000000003,
            -0.35274062,
            -0.34934456,
            -0.3459985,
            -0.34270243999999994,
            -0.33945637999999995,
            -0.33626031999999995,
            -0.33311425999999994,
            -0.33001820000000004,
            -0.32697214,
            -0.32397608,
            -0.32103001999999997,
            -0.31813396000000005,
            -0.3152879,
            -0.31249183999999997,
            -0.30974577999999997,
            -0.30704971999999997,
            -0.30440365999999996,
            -0.30180759999999995,
            -0.29926153999999994,
            -0.2967654799999999,
            -0.29431942,
            -0.29192336,
            -0.2895773,
            -0.28728124000000005,
            -0.28503518000000005,
            -0.28283912,
            -0.28069306,
            -0.278597
        ],