{
    "parameters": {
        "qubits": 10,
        "reference_energy_E0": 1.4142,
        "analytical_commutator_limit": -0.735703
    },
    "trajectories": {
        "h_steps": [
            1.0,
            0.5,
            0.25,
            0.125,
            0.0625,
            0.03125,
            0.015625,
            0.0078125,
            0.00390625,
            0.001953125,
            0.0009765625,
            0.00048828125
        ],
        "numerical_limits": [
            -0.579786,
            -0.652536,
            -0.692818,
            -0.713935,
            -0.724738,
            -0.7302,
            -0.732946,
            -0.734323,
            -0.735013,
            -0.735358,
            -0.73553,
            -0.735617
        ],
        "calculation_errors": [
            0.15591667,
            0.08316667,
            0.04288542,
            0.02176823,
            0.01096549,
            0.00550309,
            0.00275663,
            0.00137959,
            0.00069011,
            0.00034514,
            0.00017259,
            8.63e-05
        ]
    },
    "final_outcomes": {
        "final_numerical_derivative": -0.735617,
        "final_calculation_error": 8.63e-05,
        "derivative_convergence_status": "SUCCESS / HIGH-FIDELITY CONVERGENCE"
    }
}