{
    "parameters": {
        "axonal_segment_length_um": 1000.0,
        "demyelinated_order_alpha": 0.52,
        "restored_order_alpha": 0.95,
        "simulation_window_ms": 10.0
    },
    "trajectories": {
        "time_ms": [
            0.0,
            0.1,
            0.2,
            0.30000000000000004,
            0.4,
            0.5,
            0.6000000000000001,
            0.7000000000000001,
            0.8,
            0.9,
            1.0,
            1.1,
            1.2000000000000002,
            1.3,
            1.4000000000000001,
            1.5,
            1.6,
            1.7000000000000002,
            1.8,
            1.9000000000000001,
            2.0,
            2.1,
            2.2,
            2.3000000000000003,
            2.4000000000000004,
            2.5,
            2.6,
            2.7,
            2.8000000000000003,
            2.9000000000000004,
            3.0,
            3.1,
            3.2,
            3.3000000000000003,
            3.4000000000000004,
            3.5,
            3.6,
            3.7,
            3.8000000000000003,
            3.9000000000000004,
            4.0,
            4.1000000000000005,
            4.2,
            4.3,
            4.4,
            4.5,
            4.6000000000000005,
            4.7,
            4.800000000000001,
            4.9,
            5.0,
            5.1000000000000005,
            5.2,
            5.300000000000001,
            5.4,
            5.5,
            5.6000000000000005,
            5.7,
            5.800000000000001,
            5.9,
            6.0,
            6.1000000000000005,
            6.2,
            6.300000000000001,
            6.4,
            6.5,
            6.6000000000000005,
            6.7,
            6.800000000000001,
            6.9,
            7.0,
            7.1000000000000005,
            7.2,
            7.300000000000001,
            7.4,
            7.5,
            7.6000000000000005,
            7.7,
            7.800000000000001,
            7.9,
            8.0,
            8.1,
            8.200000000000001,
            8.3,
            8.4,
            8.5,
            8.6,
            8.700000000000001,
            8.8,
            8.9,
            9.0,
            9.1,
            9.200000000000001,
            9.3,
            9.4,
            9.5,
            9.600000000000001,
            9.700000000000001,
            9.8,
            9.9
        ],
        "demyelinated_postsynaptic_potential_mv": [
            0.0614,
            0.5388,
            1.3289,
            2.2164,
            3.0952,
            3.922,
            4.6822,
            5.3739,
            6.0003,
            6.5668,
            7.0792,
            7.5432,
            7.9639,
            8.3462,
            8.6941,
            9.0114,
            9.3013,
            9.5666,
            9.8098,
            10.0331,
            10.2384,
            10.4274,
            10.6017,
            10.7625,
            10.9111,
            11.0485,
            11.1757,
            11.2935,
            11.4026,
            11.5039,
            11.5978,
            11.685,
            11.766,
            11.8411,
            11.911,
            11.9758,
            12.036,
            12.092,
            12.1439,
            12.1921,
            12.2368,
            12.2782,
            12.3166,
            12.3521,
            12.3849,
            12.4153,
            12.4432,
            12.469,
            12.4927,
            12.5144,
            12.5342,
            12.5523,
            12.5688,
            12.5838,
            12.5972,
            12.6093,
            12.6201,
            12.6297,
            12.638,
            12.6453,
            12.6516,
            12.6568,
            12.6611,
            12.6646,
            12.6671,
            12.6689,
            12.67,
            12.6703,
            12.6699,
            12.6689,
            12.6672,
            12.665,
            12.6622,
            12.6589,
            12.6551,
            12.6508,
            12.646,
            12.6408,
            12.6353,
            12.6293,
            12.6229,
            12.6162,
            12.6092,
            12.6018,
            12.5941,
            12.5861,
            12.5779,
            12.5694,
            12.5607,
            12.5517,
            12.5424,
            12.533,
            12.5234,
            12.5135,
            12.5035,
            12.4933,
            12.483,
            12.4724,
            12.4618,
            12.451
        ],
        "restored_postsynaptic_potential_mv": [
            0.0,
            0.0013,
            0.0498,
            0.3208,
            0.9925,
            2.1201,
            3.6584,
            5.5197,
            7.6109,
            9.8502,
            12.1721,
            14.5263,
            16.8762,
            19.1951,
            21.4649,
            23.6731,
            25.8118,
            27.8766,
            29.8653,
            31.7773,
            33.6135,
            35.3752,
            37.0648,
            38.6846,
            40.2374,
            41.726,
            43.1533,
            44.5221,
            45.8351,
            47.0952,
            48.3049,
            49.4668,
            50.5831,
            51.6563,
            52.6884,
            53.6815,
            54.6375,
            55.5583,
            56.4456,
            57.301,
            58.1261,
            58.9223,
            59.6909,
            60.4333,
            61.1507,
            61.8442,
            62.515,
            63.1639,
            63.7921,
            64.4005,
            64.9898,
            65.5609,
            66.1146,
            66.6516,
            67.1726,
            67.6783,
            68.1693,
            68.6461,
            69.1094,
            69.5597,
            69.9975,
            70.4232,
            70.8374,
            71.2404,
            71.6327,
            72.0147,
            72.3867,
            72.7491,
            73.1023,
            73.4466,
            73.7822,
            74.1096,
            74.4289,
            74.7405,
            75.0445,
            75.3414,
            75.6312,
            75.9142,
            76.1907,
            76.4609,
            76.7249,
            76.9829,
            77.2352,
            77.4819,
            77.7232,
            77.9592,
            78.1902,
            78.4161,
            78.6373,
            78.8539,
            79.0659,
            79.2735,
            79.4768,
            79.676,
            79.8712,
            80.0625,
            80.2499,
            80.4336,
            80.6138,
            80.7904
        ],