{
    "parameters": {
        "microtubule_qubits": 100,
        "demyelinated_noise": 0.85,
        "myelinated_noise": 0.02,
        "simulation_window_ms": 10.0
    },
    "trajectories": {
        "time_ms": [
            0.0,
            0.1,
            0.2,
            0.30000000000000004,
            0.4,
            0.5,
            0.6000000000000001,
            0.7000000000000001,
            0.8,
            0.9,
            1.0,
            1.1,
            1.2000000000000002,
            1.3,
            1.4000000000000001,
            1.5,
            1.6,
            1.7000000000000002,
            1.8,
            1.9000000000000001,
            2.0,
            2.1,
            2.2,
            2.3000000000000003,
            2.4000000000000004,
            2.5,
            2.6,
            2.7,
            2.8000000000000003,
            2.9000000000000004,
            3.0,
            3.1,
            3.2,
            3.3000000000000003,
            3.4000000000000004,
            3.5,
            3.6,
            3.7,
            3.8000000000000003,
            3.9000000000000004,
            4.0,
            4.1000000000000005,
            4.2,
            4.3,
            4.4,
            4.5,
            4.6000000000000005,
            4.7,
            4.800000000000001,
            4.9,
            5.0,
            5.1000000000000005,
            5.2,
            5.300000000000001,
            5.4,
            5.5,
            5.6000000000000005,
            5.7,
            5.800000000000001,
            5.9,
            6.0,
            6.1000000000000005,
            6.2,
            6.300000000000001,
            6.4,
            6.5,
            6.6000000000000005,
            6.7,
            6.800000000000001,
            6.9,
            7.0,
            7.1000000000000005,
            7.2,
            7.300000000000001,
            7.4,
            7.5,
            7.6000000000000005,
            7.7,
            7.800000000000001,
            7.9,
            8.0,
            8.1,
            8.200000000000001,
            8.3,
            8.4,
            8.5,
            8.6,
            8.700000000000001,
            8.8,
            8.9,
            9.0,
            9.1,
            9.200000000000001,
            9.3,
            9.4,
            9.5,
            9.600000000000001,
            9.700000000000001,
            9.8,
            9.9
        ],
        "demyelinated_memory_fidelity_percentage": [
            100.0,
            91.8512,
            84.3665,
            77.4916,
            71.177,
            65.377,
            60.0496,
            55.1563,
            50.6617,
            46.5334,
            42.7415,
            39.2586,
            36.0595,
            33.1211,
            30.4221,
            27.9431,
            25.6661,
            23.5746,
            21.6536,
            19.8891,
            18.2684,
            16.7797,
            15.4124,
            14.1564,
            13.0029,
            11.9433,
            10.9701,
            10.0761,
            9.2551,
            8.5009,
            7.8082,
            7.1719,
            6.5875,
            6.0507,
            5.5576,
            5.1047,
            4.6888,
            4.3067,
            3.9557,
            3.6334,
            3.3373,
            3.0654,
            2.8156,
            2.5861,
            2.3754,
            2.1818,
            2.0041,
            1.8407,
            1.6907,
            1.553,
            1.4264,
            1.3102,
            1.2034,
            1.1054,
            1.0153,
            0.9326,
            0.8566,
            0.7868,
            0.7227,
            0.6638,
            0.6097,
            0.56,
            0.5144,
            0.4724,
            0.4339,
            0.3986,
            0.3661,
            0.3363,
            0.3089,
            0.2837,
            0.2606,
            0.2393,
            0.2198,
            0.2019,
            0.1855,
            0.1704,
            0.1565,
            0.1437,
            0.132,
            0.1213,
            0.1114,
            0.1023,
            0.094,
            0.0863,
            0.0793,
            0.0728,
            0.0669,
            0.0614,
            0.0564,
            0.0518,
            0.0476,
            0.0437,
            0.0402,
            0.0369,
            0.0339,
            0.0311,
            0.0286,
            0.0263,
            0.0241,
            0.0222
        ],
        "myelinated_memory_fidelity_percentage": [
            100.0,
            100.0,
            100.0,
            100.0,
            100.0,
            100.0,
            100.0,
            99.9766,
            99.6468,
            99.2541,
            98.8246,
            98.3884,
            97.9768,
            97.6201,
            97.3438,
            97.1674,
            97.1017,
            97.1483,
            97.2993,
            97.538,
            97.8402,
            98.1765,
            98.5148,
            98.8233,
            99.0732,
            99.241,
            99.3111,
            99.2768,
            99.1409,
            98.9156,
            98.6213,
            98.2847,
            97.9364,
            97.6083,
            97.3307,
            97.1294,
            97.0235,
            97.0238,
            97.1316,
            97.3388,
            97.6283,
            97.9761,
            98.3525,
            98.7259,
            99.0645,
            99.3399,
            99.5295,
            99.6181,
            99.5998,
            99.478,
            99.2656,
            98.9836,
            98.6589,
            98.3227,
            98.0068,
            97.7414,
            97.5521,
            97.4578,
            97.4687,
            97.5858,
            97.8005,
            98.0954,
            98.446,
            98.8227,
            99.1937,
            99.5276,
            99.7963,
            99.9774,
            100.0,
            100.0,
            99.8959,
            99.6739,
            99.3831,
            99.0512,
            98.7091,
            98.3888,
            98.1204,
            97.9292,
            97.8335,
            97.8432,
            97.9587,
            98.171,
            98.4621,
            98.8073,
            99.1769,
            99.5389,
            99.862,
            100.0,
            100.0,
            100.0,
            100.0,
            100.0,
            99.9298,
            99.6283,
            99.2874,
            98.9381,
            98.6125,
            98.3404,
            98.1468,
            98.0496
        ],