{
    "title": "Non-Markovian Memory Dissipation on Stern-Brocot Stabilizer Manifolds: Resolving Temporal Error Propagation in Transfinite Complexity Classes",
    "authors": [
        "Imhotep",
        "Dizzy",
        "Trent",
        "Aphex"
    ],
    "parameters": {
        "num_qubits": 10,
        "memory_feedback_alpha": 0.65,
        "final_standard_fidelity": 0.06078870396143023,
        "final_dissipative_fidelity": 0.9999901208520238,
        "final_standard_entropy": 9.721356931706712,
        "final_dissipative_entropy": 0.0002772924715016642
    },
    "trajectories": {
        "standard_purity": [
            0.0009766615288396157,
            0.0009770962176297896,
            0.000978200946811025,
            0.0009805855305196917,
            0.000985347260668304,
            0.0009944406268119102,
            0.0010113185853683705,
            0.0010420382789192667,
            0.0010971541936988464,
            0.0011949311304107204,
            0.0013667357615588641,
            0.0016659506927208818,
            0.0021824236346860543,
            0.003065269699303607,
            0.0045575518260909
        ],
        "standard_entropy": [
            9.999933635007483,
            9.999678308709452,
            9.99911950018689,
            9.99808890708642,
            9.996342055441692,
            9.99352739758379,
            9.989144018251025,
            9.982484323898245,
            9.972557337870803,
            9.957987659209609,
            9.936885157093393,
            9.906681783010198,
            9.8639356959097,
            9.804111064807207,
            9.721356931706712
        ],
        "standard_fidelity": [
            0.0012910972862550613,
            0.0017067654999738582,
            0.002255955623834324,
            0.0029813322570907165,
            0.003939024617979953,
            0.005202750818531874,
            0.006869112362219679,
            0.009064321010793415,
            0.011952624105738666,
            0.01574664644678525,
            0.02071971911142148,
            0.027219941894885934,
            0.035685113837123014,
            0.04665661773397797,
            0.06078870396143023
        ],
        "dissipative_purity": [
            0.0009821273174402513,
            0.0010836647749223494,
            0.0023272526049591185,
            0.014745461938596686,
            0.09944079835494751,
            0.37353141000748663,
            0.710981540039431,
            0.8995784163650649,
            0.9689856576093486,
            0.9907858330678755,
            0.997294515880062,
            0.999208362939909,
            0.9997685989708419,
            0.9999323799946165,
            0.9999802418017408
        ],
        "dissipative_entropy": [
            9.997490262554383,
            9.974826621991824,
            9.85323398504932,
            9.340494177056733,
            7.751326962388928,
            4.853057909495654,
            2.194589608143567,
            0.8082345771194621,
            0.27241382506117756,
            0.08864494052137392,
            0.028385187851235137,
            0.009004117343131082,
            0.002836959897611761,
            0.0008889958799354009,
            0.0002772924715016642
        ],
        "dissipative_fidelity": [
            0.003334396897963558,
            0.011320530928848061,
            0.037710349013964195,
            0.11826020691702292,
            0.31461342158167815,
            0.6110511681132951,
            0.8431829584051563,
            0.9484597090478161,
            0.9843705698680566,
            0.9953822442778582,
            0.9986463408478831,
            0.9996041030261422,
            0.9998842927847977,
            0.9999661894251719,
            0.9999901208520238
        ]
    }
}