{
    "title": "Farey Tree Partitioning of the 3-SAT Phase Transition: Resolving NP-Complete Topologies on Stern-Brocot Stabilizer Manifolds",
    "authors": [
        "Imhotep",
        "Dizzy",
        "Trent",
        "Aphex"
    ],
    "parameters": {
        "num_qubits": 10,
        "hilbert_dimension": 1024,
        "solution_state_index": 512,
        "final_fidelity": 0.007703221381337659,
        "final_entropy": 9.986718656220098
    },
    "trajectories": {
        "farey_denominators_used": [
            1,
            1,
            2,
            3,
            3,
            4,
            5,
            5,
            4,
            5
        ],
        "purity_trace": [
            0.0009765625000054106,
            0.0010373032310188725,
            0.0012797871502821746,
            0.0010382769256251883,
            0.0014556767805669203,
            0.0016233810683979788,
            0.0014607084356647133,
            0.0010261861067984664,
            0.0011953186637062869,
            0.0010218546703409874
        ],
        "entropy_trace": [
            9.99999999999457,
            9.983438284154326,
            9.94705581618415,
            9.983240360205528,
            9.927258316639389,
            9.910646647289267,
            9.92673304598296,
            9.985769871607111,
            9.957934822193053,
            9.986718656220098
        ],
        "solution_probability_trace": [
            0.0009766359621710984,
            0.008766390091079074,
            0.018381404713006016,
            0.00882857865073515,
            0.02285455133643826,
            0.02639676921906077,
            0.02296913253852492,
            0.008017524525529023,
            0.015759746684747684,
            0.007703221381337659
        ]
    }
}